{"cameraMode":{"drawMode":0,"name":"Shaded","section":"Shading Mode"},"sceneLighting":false,"audioPlay":false,"sceneViewState":{"m_AlwaysRefresh":false,"showFog":true,"showSkybox":true,"showFlares":true,"showImageEffects":true,"showParticleSystems":true,"showVisualEffectGraphs":true,"m_FxEnabled":true},"in2DMode":false,"pivot":{"x":0.46469566226005556,"y":-0.3109494745731354,"z":0.037269219756126407},"rotation":{"x":0.02159949205815792,"y":0.9717391729354858,"z":-0.2135375738143921,"w":0.09828455001115799},"size":14.149378776550293,"orthographic":false}